anio,semana,label,prediction,year_week
2020,1,733,716.7386895112703,2020-01
2020,2,751,749.4566831518645,2020-02
2020,3,781,737.3160838573336,2020-03
2020,4,756,764.6737653904398,2020-04
2020,5,700,742.271085627904,2020-05
2020,6,752,692.766500578513,2020-06
2020,7,781,758.7987737875906,2020-07
2020,8,830,764.6737653904398,2020-08
2020,9,810,811.7155300723484,2020-09
2020,10,724,778.6474085904757,2020-10
2020,11,751,747.4626259817801,2020-11
2020,12,752,741.7061580258006,2020-12
2020,13,786,726.405389467402,2020-13
2020,14,871,764.6737653904398,2020-14
2020,15,892,837.1544609644234,2020-15
2020,16,864,953.6739322017331,2020-16
2020,17,888,881.5674860263306,2020-17
2020,18,903,891.9357697293585,2020-18
2020,19,1027,915.2899780364468,2020-19
2020,20,1006,986.4439555222474,2020-20
2020,21,952,991.4969578372105,2020-21
2020,22,1106,940.6194892028109,2020-22
2020,23,1135,1059.679969596622,2020-23
2020,24,1098,1129.7741261070303,2020-24
2020,25,1135,1129.7741261070303,2020-25
2020,26,1091,1129.7741261070303,2020-26
2020,27,1154,1042.3864154220744,2020-27
2020,28,1201,1140.764185965979,2020-28
2020,29,1100,1212.3303008752787,2020-29
2020,30,1083,1158.5219020999039,2020-30
2020,31,1073,1042.3864154220744,2020-31
2020,32,977,1042.3864154220744,2020-32
2020,33,923,1087.2888333696408,2020-33
2020,34,861,920.2763582292312,2020-34
2020,35,942,890.3191312159609,2020-35
2020,36,888,892.9642742333276,2020-36
2020,37,876,923.9046537166469,2020-37
2020,38,905,915.2899780364468,2020-38
2020,39,890,891.3092006514883,2020-39
2020,40,864,915.2899780364468,2020-40
2020,41,843,892.5064162296917,2020-41
2020,42,865,826.4204937151592,2020-42
2020,43,869,919.2919426895248,2020-43
2020,44,858,949.3002123402425,2020-44
2020,45,909,881.5674860263306,2020-45
2020,46,854,955.6562992967802,2020-46
2020,47,841,905.2106297718275,2020-47
2020,48,879,826.4204937151592,2020-48
2020,49,793,923.6656625510157,2020-49
2020,50,728,776.3811625239807,2020-50
2020,51,775,747.4626259817801,2020-51
2020,52,779,779.9745339488385,2020-52
2021,1,696,799.449365951354,2021-01
2021,2,830,712.5360227590046,2021-02
2021,3,740,836.0497734791301,2021-03
2021,4,650,755.3991175041491,2021-04
2021,5,679,684.0835026032424,2021-05
2021,6,604,705.85543121756,2021-06
2021,7,612,631.3593703174236,2021-07
2021,8,687,631.3593703174236,2021-08
2021,9,669,710.1886469134578,2021-09
2021,10,686,687.5907715718529,2021-10
2021,11,752,727.0520980331103,2021-11
2021,12,615,749.4566831518645,2021-12
2021,13,514,655.2890704226546,2021-13
2021,14,313,583.9789511899971,2021-14
2021,15,227,505.54054103227975,2021-15
2021,16,257,505.54054103227975,2021-16
2021,17,317,505.54054103227975,2021-17
2021,18,282,505.54054103227975,2021-18
2021,19,333,505.54054103227975,2021-19
2021,20,406,505.54054103227975,2021-20
2021,21,433,505.54054103227975,2021-21
2021,22,439,505.54054103227975,2021-22
2021,23,541,505.54054103227975,2021-23
2021,24,524,505.54054103227975,2021-24
2021,25,575,505.54054103227975,2021-25
2021,26,555,601.767070972381,2021-26
2021,27,582,601.767070972381,2021-27
2021,28,623,605.296626151096,2021-28
2021,29,656,600.4364734703483,2021-29
2021,30,751,647.9295579392306,2021-30
2021,31,742,774.0750856565065,2021-31
2021,32,865,728.7116752787946,2021-32
2021,33,816,843.6731266766624,2021-33
2021,34,780,857.3478950668002,2021-34
2021,35,716,778.6474085904757,2021-35
2021,36,710,708.6321967390151,2021-36
2021,37,590,738.022901661749,2021-37
2021,38,539,662.3040858024818,2021-38
2021,39,525,569.4784923471291,2021-39
2021,40,493,505.54054103227975,2021-40
2021,41,435,505.54054103227975,2021-41
2021,42,411,505.54054103227975,2021-42
2021,43,437,505.54054103227975,2021-43
2021,44,499,505.54054103227975,2021-44
2021,45,438,505.54054103227975,2021-45
2021,46,496,505.54054103227975,2021-46
2021,47,477,505.54054103227975,2021-47
2021,48,542,505.54054103227975,2021-48
2021,49,538,505.54054103227975,2021-49
2021,50,560,505.54054103227975,2021-50
2021,51,588,601.767070972381,2021-51
2021,52,552,605.296626151096,2021-52
2022,1,873,553.1083197617291,2022-01
2022,2,903,871.2748249559338,2022-02
2022,3,1044,965.0739322017332,2022-03
2022,4,1131,1050.1655488136519,2022-04
2022,5,1056,1157.318288766274,2022-05
2022,6,988,1042.3864154220744,2022-06
2022,7,998,976.1045298499882,2022-07
2022,8,1011,995.920905291772,2022-08
2022,9,1058,991.4969578372105,2022-09
2022,10,1104,1056.43778481477,2022-10
2022,11,1123,1141.0594660496622,2022-11
2022,12,1178,1129.7741261070303,2022-12
2022,13,1206,1216.5850621229717,2022-13
2022,14,1240,1168.6328122638258,2022-14
2022,15,1341,1192.119345896362,2022-15
2022,16,1409,1319.6247065039308,2022-16
2022,17,1259,1299.6255745811577,2022-17
2022,18,1142,1209.5762894211787,2022-18
2022,19,1181,1138.8739186476369,2022-19
2022,20,1175,1234.2253008752787,2022-20
2022,21,1086,1162.8589243144152,2022-21
2022,22,1023,1029.0149865369979,2022-22
2022,23,850,946.9203776862254,2022-23
2022,24,776,892.4680869835374,2022-24
2022,25,672,772.865770204163,2022-25
2022,26,635,708.6321967390151,2022-26
2022,27,719,657.1868512301733,2022-27
2022,28,716,679.9129270881713,2022-28
2022,29,664,717.8428551379003,2022-29
2022,30,533,700.8528195847493,2022-30
2022,31,633,600.5221388010663,2022-31
2022,32,600,618.5175383895541,2022-32
2022,33,565,598.4787091025306,2022-33
2022,34,646,610.6973184097968,2022-34
2022,35,487,630.5806602667075,2022-35
2022,36,515,610.6628995489996,2022-36
2022,37,544,505.54054103227975,2022-37
2022,38,579,505.54054103227975,2022-38
2022,39,517,603.412370198715,2022-39
2022,40,467,482.4778849791205,2022-40
2022,41,515,505.54054103227975,2022-41
2022,42,504,505.54054103227975,2022-42
2022,43,550,505.54054103227975,2022-43
2022,44,598,505.54054103227975,2022-44
2022,45,582,603.412370198715,2022-45
2022,46,628,597.0410204219294,2022-46
2022,47,603,611.9671635686718,2022-47
2022,48,613,625.2645729833989,2022-48
2022,49,571,623.8961447351502,2022-49
2022,50,734,614.4152642879957,2022-50
2022,51,621,852.9107727667725,2022-51
2022,52,763,617.8822834470674,2022-52
2023,1,982,784.8573318652803,2023-01
2023,2,968,944.8865577443911,2023-02
2023,3,983,950.3100119780952,2023-03
2023,4,801,943.2986054835258,2023-04
2023,5,808,777.970681157921,2023-05
2023,6,734,772.865770204163,2023-06
2023,7,614,747.4626259817801,2023-07
2023,8,543,660.5488812333973,2023-08
2023,9,561,583.9789511899971,2023-09
2023,10,621,603.651326924762,2023-10
2023,11,659,603.4379094365473,2023-11
2023,12,749,647.9295579392306,2023-12
2023,13,774,774.0750856565065,2023-13
2023,14,791,763.9004427695237,2023-14
2023,15,777,773.4558682365996,2023-15
2023,16,860,778.6474085904757,2023-16
2023,17,865,843.2876091586764,2023-17
2023,18,854,949.3002123402425,2023-18
2023,19,998,949.3002123402425,2023-19
2023,20,1080,1030.700628923091,2023-20
2023,21,1155,1056.43778481477,2023-21
2023,22,1081,1140.764185965979,2023-22
2023,23,1081,1071.6921353839577,2023-23
2023,24,1258,1042.3864154220744,2023-24
2023,25,1192,1305.7398225300626,2023-25
2023,26,1064,1133.6828122638256,2023-26
2023,27,1242,1028.4570425679879,2023-27
2023,28,1158,1322.69881991732,2023-28
2023,29,1027,1129.4616865313983,2023-29
2023,30,894,976.2260976481089,2023-30
2023,31,978,922.0211894030778,2023-31
2023,32,890,913.4793883783659,2023-32
2023,33,744,912.5588278342144,2023-33
2023,34,863,741.6809875954674,2023-34
2023,35,819,834.5055063125167,2023-35
2023,36,853,857.3478950668002,2023-36
2023,37,719,848.4791495125526,2023-37
2023,38,829,713.8237370928912,2023-38
2023,39,738,824.2068485821788,2023-39
2023,40,793,755.3991175041491,2023-40
2023,41,778,779.9745339488385,2023-41
2023,42,823,778.6474085904757,2023-42
2023,43,774,811.7155300723484,2023-43
2023,44,749,778.6474085904757,2023-44
2023,45,834,742.271085627904,2023-45
2023,46,893,802.9334272261887,2023-46
2023,47,898,852.8528693740434,2023-47
2023,48,998,891.9357697293585,2023-48
2023,49,982,993.9622815235729,2023-49
2023,50,899,940.6194892028109,2023-50
2023,51,823,920.2763582292312,2023-51
2023,52,664,879.8010767344443,2023-52
2024,1,849,713.8237370928912,2024-01
2024,2,730,856.839468120164,2024-02
2024,3,703,755.3991175041491,2024-03
2024,4,671,714.1348621143744,2024-04
2024,5,764,700.8528195847493,2024-05
2024,6,810,798.8283041733223,2024-06
2024,7,740,799.449365951354,2024-07
2024,8,876,747.4626259817801,2024-08
2024,9,813,836.9376257385203,2024-09
2024,10,871,857.3478950668002,2024-10
2024,11,906,848.4791495125526,2024-11
2024,12,1169,955.6562992967802,2024-12
2024,13,1248,1051.3375481055923,2024-13
2024,14,1242,1228.6812329786271,2024-14
2024,15,1427,1232.0810125630285,2024-15
2024,16,1543,1334.5328698229139,2024-16
2024,17,1791,1477.1803826614182,2024-17
2024,18,1785,1603.3611636137991,2024-18
2024,19,1728,1963.4747999774354,2024-19
2024,20,1809,1963.4747999774354,2024-20
2024,21,1815,1963.4747999774354,2024-21
2024,22,1776,1963.4747999774354,2024-22
2024,23,1759,1963.4747999774354,2024-23
2024,24,1742,1963.4747999774354,2024-24
2024,25,1613,1963.4747999774354,2024-25
2024,26,1653,1963.4747999774354,2024-26
2024,27,1644,1963.4747999774354,2024-27
2024,28,1610,1963.4747999774354,2024-28
2024,29,1397,1963.4747999774354,2024-29
2024,30,1383,1297.9626462400267,2024-30
2024,31,1369,1303.748836767011,2024-31
2024,32,1183,1299.6255745811577,2024-32
2024,33,1105,1178.6526179190319,2024-33
2024,34,1179,1192.744298419319,2024-34
2024,35,1115,1216.5850621229717,2024-35
2024,36,1228,1158.5219020999039,2024-36
2024,37,1145,1177.2739016509418,2024-37
2024,38,1131,1129.4616865313983,2024-38
2024,39,1213,1159.0798460689139,2024-39
2024,40,1113,1216.5850621229717,2024-40
2024,41,1111,1158.5219020999039,2024-41
2024,42,1095,1129.7741261070303,2024-42
2024,43,1066,1129.7741261070303,2024-43
2024,44,931,1042.3864154220744,2024-44
2024,45,1051,922.0211894030778,2024-45
2024,46,1063,1049.7200377662605,2024-46
2024,47,1011,1056.43778481477,2024-47
2024,48,954,976.1045298499882,2024-48
2024,49,935,940.6194892028109,2024-49
2024,50,1053,943.2986054835258,2024-50
2024,51,964,1054.806608502261,2024-51
2024,52,1124,940.6194892028109,2024-52
